cluster_code,programme_name,requirements
1A,Bachelor of Laws (LL.B.),
2A,Bachelor in Business Administration,MAT ALTERNATIVE A/B -
2A,Bachelor of Library & Information Science,MAT ALTERNATIVE A/B -
2A,"Bachelor in Business Administration, With IT",MAT ALTERNATIVE A/B -
2A,Bachelor of Library and Information Studies,MAT ALTERNATIVE A/B -
2A,Bachelor of Business and Office Management,MAT ALTERNATIVE A/B -
2A,Bachelor of Science in Information Sciences,MAT ALTERNATIVE A/B -
2A,Bachelor of Business Management,MAT ALTERNATIVE A/B -
2A,Bachelor of Business Information and,MAT ALTERNATIVE A/B -
2A,Bachelor of Business Management (Marine Business Management),MAT ALTERNATIVE A/B -
2A,Bachelor of Science (Information Sciences and,MAT ALTERNATIVE A/B -
2A,Bachelor of Business Management (Civil Aviation Management),MAT ALTERNATIVE A/B -
2A,Bachelor of Science (Information Studies),MAT ALTERNATIVE A/B -
2A,"Bachelor of Arts (Business Studies, With IT)",MAT ALTERNATIVE A/B -
2A,Bachelor of Science in Information Science,MAT ALTERNATIVE A/B -
2A,Bachelor of Science (Records Management and Information Technology),MAT ALTERNATIVE A/B -
2A,Bachelor of Science (Innovation Technology,MAT ALTERNATIVE A/B -
2A,Bachelor of Co-operative Management,MAT ALTERNATIVE A/B -
2A,Bachelor of Business Information Technology,MAT ALTERNATIVE A/B -
2A,Bachelor of Co-operative Business,MAT ALTERNATIVE A/B -
2A,Bachelor of Science (Business Information,MAT ALTERNATIVE A/B -
2A,Bachelor of Co-operative and Community Development,MAT ALTERNATIVE A/B -
2A,Bachelor of Technology (Business Information Technology),MAT ALTERNATIVE A/B -
2A,Bachelor of Secretarial Management and Administration,MAT ALTERNATIVE A/B -
2A,Bachelor of Technology (Office Administration and Technology),MAT ALTERNATIVE A/B -
2A,Bachelor of Commerce,MAT ALTERNATIVE A/B -
2A,Bachelor of Entrepreneurship,MAT ALTERNATIVE A/B -
2A,Bachelor of Entrepreneurship & Small Business Management,MAT ALTERNATIVE A/B -
2A,Bachelor of Entrepreneurship and Small Business,MAT ALTERNATIVE A/B -
2A,Bachelor of Science (Entrepreneurship and Small Enterprises Management),MAT ALTERNATIVE A/B -
2A,Bachelor of Science (Entrepreneurship),MAT ALTERNATIVE A/B -
2A,Bachelor of Science (Entrepreneurship Studies),MAT ALTERNATIVE A/B -
2A,Bachelor of Science in Entrepreneurship,MAT ALTERNATIVE A/B -
2A,Bachelor of Procurement and Contract Management,MAT ALTERNATIVE A/B -
2A,Bachelor of Procurement and Supply Chain Management,MAT ALTERNATIVE A/B -
2A,Bachelor of Purchasing & Supplies Management,MAT ALTERNATIVE A/B -
2A,Bachelor of Supply Chain Management,MAT ALTERNATIVE A/B -
2A,Bachelor of Logistics and Supply Chain Management,MAT ALTERNATIVE A/B -
2A,Bachelor of Procurement and Logistics Management,MAT ALTERNATIVE A/B -
2A,Bachelor of Purchasing and Supplies Management,MAT ALTERNATIVE A/B -
2A,Bachelor of Science (Management Science),MAT ALTERNATIVE A/B -
2A,Bachelor of Science in Strategic Management,MAT ALTERNATIVE A/B -
2A,Bachelor of Science (Strategic Management),MAT ALTERNATIVE A/B -
2A,Bachelor of Science In International Business Management,MAT ALTERNATIVE A/B -
2A,Bachelor of Science in Marketing With IT,MAT ALTERNATIVE A/B -
2A,Bachelor of Science In Co-operative and Entreprenuership Management,MAT ALTERNATIVE A/B -
2B,Bachelor of Project Planning and Management,
2B,Bachelor of Hotel & Hospitality Management,
2B,Bachelor of Science (Project Planning Management),
2B,Bachelor of Hotel Management,
2B,Bachelor of Science in Project Management,
2B,Bachelor of Hotels and Hospitality Management,
2B,Bachelor of Human Resources Management,
2B,Bachelor of Catering & Hospitality Management,
2B,Bachelor of Science (Human Resource Management),
2B,Bachelor of Science (Ecotourism & Hospitality Management),
2B,Bachelor of Human Resource Management,
2B,Bachelor of Science in Ecotourism,
2B,"Bachelor of Science in Human Resource Management, With IT",
2B,Bachelor of Eco-tourism and Hospitality Management,
2B,"Bachelor of Science (Eco-tourism, Hotel and Institution Management, With IT)",
2B,Bachelor of Science (Hospitality & Tourism Management),
2B,Bachelor of Science (Hospitality Management),
2B,Bachelor of Sustainable Tourism & Hospitality Management,
2B,Bachelor of Tourism & Hotel Management,
2B,Bachelor of Travel & Tours Operations Management,
2B,Bachelor of Science in Travel and Tourism,
2B,Bachelor of Catering & Hotel Management,
2B,Bachelor of Hotel and Hospitality Management,
2B,Bachelor of International Tourism Management,
2B,Bachelor of Science (Hospitality and Tourism Management),
2B,Bachelor of Science (Tourism Management),
2B,Bachelor of Science in Hospitality Management,
2B,Bachelor of Technology (Institutional Catering and Accommodation),
2B,Bachelor of Technology in Hotel & Hospitality Management,
2B,Bachelor of Tourism Management,
2B,Bachelor of Travel and Tours Operations Management,
2B,Bachelor of Science (Food Operations Management),
2B,Bachelor of Science in Food Service and Hospitality Management,
2B,Bachelor of Science (Food Service and Hospitality Management),
3A,Bachelor of Applied Communication,ENG/KIS - C+
3A,Bachelor of Science (Communication and Public Relations),ENG/KIS - C+
3A,Bachelor of Arts (Applied Linguistics),ENG/KIS - C+
3A,Bachelor of Science (Communication & Journalism),ENG/KIS - C+
3A,Bachelor of Arts (Communication & Media),ENG/KIS - C+
3A,Bachelor of Science (Comm. & Public Relations),ENG/KIS - C+
3A,"Bachelor of Arts (Drama and Theatre Studies, With IT)",ENG/KIS - C+
3A,Bachelor of Communication & Public Relations,ENG/KIS - C+
3A,"Bachelor of Arts (International Relations and Diplomacy ,With IT)",ENG/KIS - C+
3A,Bachelor of Communication and Public Relations,ENG/KIS - C+
3A,Bachelor of Arts (International Relations and Diplomacy),ENG/KIS - C+
3A,Bachelor of Science (Communication and Journalism),ENG/KIS - C+
3A,Bachelor of Arts in Government and International Relations,ENG/KIS - C+
3A,Bachelor of Arts (Communication & Media,ENG/KIS - C+
3A,Bachelor of Arts in International Relations,ENG/KIS - C+
3A,Bachelor of Arts (Communication and Media),ENG/KIS - C+
3A,"Bachelor of Arts (Language and Communication, With IT)",ENG/KIS - C+
3A,Bachelor of Broadcast Journalism,ENG/KIS - C+
3A,"Bachelor of Arts (Linguistics, Media and Communication)",ENG/KIS - C+
3A,Bachelor of Journalism,ENG/KIS - C+
3A,Bachelor of Arts (Linguistic),ENG/KIS - C+
3A,Bachelor of Journalism and Mass Communication,ENG/KIS - C+
3A,"Bachelor of Arts (Literature, With IT)",ENG/KIS - C+
3A,Bachelor of Corporate Communication and,ENG/KIS - C+
3A,Bachelor of Arts (Literature),ENG/KIS - C+
3A,Bachelor of Science (Corporate Communication,ENG/KIS - C+
3A,Bachelor of Arts in Linguistics and Literature,ENG/KIS - C+
3A,Bachelor of Science (Media Science),ENG/KIS - C+
3A,Bachelor of Arts (Theatre Arts & Film Technology),ENG/KIS - C+
3A,Bachelor of Technology (Journalism and Mass Communication),ENG/KIS - C+
3A,Bachelor of Arts (Translation and Interpretation),ENG/KIS - C+
3A,Bachelor of Film Animation,ENG/KIS - C+
3A,Bachelor of Communication & Journalism,ENG/KIS - C+
3A,Bachelor of Film Production and Animation,ENG/KIS - C+
3A,Bachelor of Communication and Media Studies,ENG/KIS - C+
3A,Bachelor of Arts in Mass Communication,ENG/KIS - C+
3A,Bachelor of Journalism & Mass Communication,ENG/KIS - C+
3A,Bachelor of Science in Mass Communication,ENG/KIS - C+
3A,Bachelor of Arts in Communication and Journalism,ENG/KIS - C+
3A,Bachelor of Mass Communication,ENG/KIS - C+
3A,Bachelor of Arts in Communication Studies,ENG/KIS - C+
3B,Bachelor of Arts (English & Communication),ENG C+
3C,Bachelor of Arts (Kiswahili and Communication),KIS C+
3D,Bachelor of Arts (With IT),
3D,Bachelor of Psychology (With IT),
3D,Bachelor of Arts,
3D,Bachelor of Science (Counselling Psychology),
3D,Bachelor of Arts (Anthropology),
3D,Bachelor of Arts (Counselling Psychology),
3D,Bachelor of Arts (Philosophy),
3D,Bachelor of Arts (Psychology),
3D,Bachelor of Arts in Philosophy,
3D,Bachelor of Arts in Counselling Psychology,
3D,"Bachelor of Arts (Philosophy, With IT)",
3D,Bachelor of Psychology,
3D,Bachelor of Science (Event and Convention Management),
3D,Bachelor of Arts (Sociology and Social Work),
3D,"Bachelor of Arts (Political Science, With IT)",
3D,Bachelor of Arts in Sociology,
3D,Bachelor of Arts (Criminology & Security Studies),
3D,Bachelor of Arts (Social Work),
3D,Bachelor of Arts in Criminology and Security Studies),
3D,Bachelor of Social Work,
3D,Bachelor of Arts (Criminology and Security Studies),
3D,Bachelor of Arts (Social Work),
3D,"Bachelor of Arts (Penology, Correction and Administration)",
3D,Bachelor of Social Work and Administration,
3D,"Bachelor of Arts in Criminology, Criminal Justice and Public Safety",
3D,"Bachelor of Arts (Sociology and Anthropology,",
3D,Bachelor of Conflict Resolution and Humanitarian,
3D,Bachelor of Arts (Sociology),
3D,Bachelor of Arts (Criminology and Penology),
3D,Bachelor of Science in Sociology,
3D,Bachelor of Science (Disaster Mitigation and,
3D,Bachelor of Science in Public Administration and Leadership Sustainable Development),
3D,Bachelor of Science in Medical Social Work,
3D,Bachelor of Science (Disaster Risk Management,
3D,"Bachelor of Arts (Criminology, With IT)",
3D,"Bachelor of Arts (Disaster Management, With IT)",
3D,Bachelor of Arts (Peace Education,
3D,Bachelor of Disaster Management & International,
3D,Bachelor of Criminology,
3D,Bachelor of Arts in Community Development,
3D,Bachelor of Science (Criminology and Security Studies),
3D,Bachelor of Science (Disaster Preparedness and,
3D,Bachelor of Arts (Development Studies,
3D,Bachelor of Arts (Peace and Conflict Studies),
3D,"Bachelor of Arts (Development Studies, With IT)",
3D,Bachelor of Arts Community Development,
3D,Bachelor of Arts (Gender and Development Studies),
3D,Bachelor of Community Development,
3D,"Bachelor of Arts (Gender Studies, With IT)",
3D,Bachelor of Development Studies,
3D,Bachelor of Arts (Gender and Development),
3D,Bachelor of Arts in Development Studies,
3D,Bachelor of Arts (Gender),
3D,Bachelor of Science (Community Development),
3D,Bachelor of Science (Public Management and Development),
3D,Bachelor of Science in Community Development,
3D,Bachelor of Public Management and Development,
3D,Bachelor of Science (Community Development,
3D,Bachelor of Science in Development Studies,
3D,Bachelor of Community Development and,
3D,Bachelor of Arts (Developmental and Policy Studies),
3D,Bachelor of Science (Community Resource,
3D,Bachelor of Arts in Management,
3D,Bachelor of Science in Community Resource Management,
3D,Bachelor of Arts in Leadership and Philosophy,
3D,Bachelor of Arts (Political Science),
3D,Bachelor of Arts in Child Care and Protection,
3E,"Bachelor of Arts (Fine Art, With IT)",ARD/COMP/ENG/KIS– C+
3E,"Bachelor of Science (Graphic, Communication and Advertising)",ARD/COMP/ENG/KIS– C+
3E,Bachelor of Arts (Fine Arts),ARD/COMP/ENG/KIS– C+
3E,"Bachelor of Science (Graphic, Comm. & Advertising)",ARD/COMP/ENG/KIS– C+
3E,Bachelor of Science in Gaming and Animation Technology,ARD/COMP/ENG/KIS– C+
4A,Bachelor of Science (Geomatic & Geospatial Information Systems),MAT ALTERNATIVE A - C+ PHY - C+ GEO – C (PLAIN)
4A,Bachelor of Applied Science (Geo-informatics),MAT ALTERNATIVE A - C+ PHY - C+ GEO – C (PLAIN)
4A,Bachelor of Science (Geospatial Information Science and Remote Sensing),MAT ALTERNATIVE A - C+ PHY - C+ GEO – C (PLAIN)
4A,Bachelor of Science (Geomatic Engineering and Geospatial Information Systems),MAT ALTERNATIVE A - C+ PHY - C+ GEO – C (PLAIN)
4A,"Bachelor of Science (Geospatial Information Science, With IT)",MAT ALTERNATIVE A - C+ PHY - C+ GEO – C (PLAIN)
4A,Bachelor of Technology (Geospatial Engineering Technology),MAT ALTERNATIVE A - C+ PHY - C+ GEO – C (PLAIN)
4A,Bachelor of Technology (Geoinformation Technology),MAT ALTERNATIVE A - C+ PHY - C+ GEO – C (PLAIN)
4A,Bachelor of Science (Geospatial Information Science),MAT ALTERNATIVE A - C+ PHY - C+ GEO – C (PLAIN)
4A,Bachelor of Science (Geospatial Engineering),MAT ALTERNATIVE A - C+ PHY - C+ GEO – C (PLAIN)
4A,Bachelor of Science in Geospatial Information Science,MAT ALTERNATIVE A - C+ PHY - C+ GEO – C (PLAIN)
4A,Bachelor of Engineering (Geospatial Engineering),MAT ALTERNATIVE A - C+ PHY - C+ GEO – C (PLAIN)
4A,Bachelor of Science (Spatial Management),MAT ALTERNATIVE A - C+ PHY - C+ GEO – C (PLAIN)
4A,Bachelor of Science in Geomatic Engineering and Geospatial Information Systems,MAT ALTERNATIVE A - C+ PHY - C+ GEO – C (PLAIN)
4B,Bachelor of Science (Geophysical and Mineralogy),MAT ALTERNATIVE A - C+ PHY - C+ GEO/CHE - C (PLAIN)
4B,"Bachelor of Science (Earth Science, With IT)",MAT ALTERNATIVE A - C+ PHY - C+ GEO/CHE - C (PLAIN)
4B,Bachelor of Science (Meteorology),MAT ALTERNATIVE A - C+ PHY - C+ GEO/CHE - C (PLAIN)
4B,Bachelor of Science (Geology),MAT ALTERNATIVE A - C+ PHY - C+ GEO/CHE - C (PLAIN)
4B,Bachelor of Science (Astronomy and Astrophysics),MAT ALTERNATIVE A - C+ PHY - C+ GEO/CHE - C (PLAIN)
4B,Bachelor of Science (Geophysics),MAT ALTERNATIVE A - C+ PHY - C+ GEO/CHE - C (PLAIN)
4B,Bachelor of Science in Mining Physics (Geophysics),MAT ALTERNATIVE A - C+ PHY - C+ GEO/CHE - C (PLAIN)
4B,Bachelor of Science in Geophysics,MAT ALTERNATIVE A - C+ PHY - C+ GEO/CHE - C (PLAIN)
4B,Bachelor of Science (Hydrology and Water Resources Management),MAT ALTERNATIVE A - C+ PHY - C+ GEO/CHE - C (PLAIN)
5A,Bachelor of Engineering (Aeronautical Engineering),MAT ALTERNATIVE A - C+ PHY - C+ CHE - C+ ENG/KIS - C+
5A,Bachelor of Science (Civil and Structural Engineering),MAT ALTERNATIVE A - C+ PHY - C+ CHE - C+ ENG/KIS - C+
5A,Bachelor of Engineering (Chemical and Process Engineering),MAT ALTERNATIVE A - C+ PHY - C+ CHE - C+ ENG/KIS - C+
5A,Bachelor of Science in Civil Engineering,MAT ALTERNATIVE A - C+ PHY - C+ CHE - C+ ENG/KIS - C+
5A,Bachelor of Engineering (Civil & Structural Engineering),MAT ALTERNATIVE A - C+ PHY - C+ CHE - C+ ENG/KIS - C+
5A,Bachelor of Science (Civil Engineering),MAT ALTERNATIVE A - C+ PHY - C+ CHE - C+ ENG/KIS - C+
5A,Bachelor of Engineering (Civil and Structural Engineering),MAT ALTERNATIVE A - C+ PHY - C+ CHE - C+ ENG/KIS - C+
5A,Bachelor of Science (Electrical and Communication Engineering),MAT ALTERNATIVE A - C+ PHY - C+ CHE - C+ ENG/KIS - C+
5A,Bachelor of Engineering (Civil Engineering),MAT ALTERNATIVE A - C+ PHY - C+ CHE - C+ ENG/KIS - C+
5A,Bachelor of Science (Electronic and Computer Engineering),MAT ALTERNATIVE A - C+ PHY - C+ CHE - C+ ENG/KIS - C+
5A,Bachelor of Engineering (Electrical and Electronics,MAT ALTERNATIVE A - C+ PHY - C+ CHE - C+ ENG/KIS - C+
5A,Bachelor of Science in Electronic and Computer Engineering,MAT ALTERNATIVE A - C+ PHY - C+ CHE - C+ ENG/KIS - C+
5A,Bachelor of Engineering (Electrical and Electronic,MAT ALTERNATIVE A - C+ PHY - C+ CHE - C+ ENG/KIS - C+
5A,Bachelor of Science (Mechanical and Industrial Engineering),MAT ALTERNATIVE A - C+ PHY - C+ CHE - C+ ENG/KIS - C+
5A,Bachelor of Engineering (Electrical and Telecommunication,MAT ALTERNATIVE A - C+ PHY - C+ CHE - C+ ENG/KIS - C+
5A,Bachelor of Science (Mechanical & Manufacturing Engineering),MAT ALTERNATIVE A - C+ PHY - C+ CHE - C+ ENG/KIS - C+
5A,Bachelor of Engineering (Mechanical & Production,MAT ALTERNATIVE A - C+ PHY - C+ CHE - C+ ENG/KIS - C+
5A,Bachelor of Science in Mechanical Engineering,MAT ALTERNATIVE A - C+ PHY - C+ CHE - C+ ENG/KIS - C+
5A,Bachelor of Engineering (Mechanical and Production,MAT ALTERNATIVE A - C+ PHY - C+ CHE - C+ ENG/KIS - C+
5A,Bachelor of Science (Mechanical Engineering),MAT ALTERNATIVE A - C+ PHY - C+ CHE - C+ ENG/KIS - C+
5A,Bachelor of Engineering (Mechanical Engineering),MAT ALTERNATIVE A - C+ PHY - C+ CHE - C+ ENG/KIS - C+
5A,Bachelor of Engineering (Industrial and Textile Engineering),MAT ALTERNATIVE A - C+ PHY - C+ CHE - C+ ENG/KIS - C+
5A,Bachelor of Engineering (Industrial and Textile,MAT ALTERNATIVE A - C+ PHY - C+ CHE - C+ ENG/KIS - C+
5A,Bachelor of Science (Electrical and Electronic Engineering),MAT ALTERNATIVE A - C+ PHY - C+ CHE - C+ ENG/KIS - C+
5A,Bachelor of Science (Mechatronic Engineering),MAT ALTERNATIVE A - C+ PHY - C+ CHE - C+ ENG/KIS - C+
5A,Bachelor of Science (Aerospace Engineering),MAT ALTERNATIVE A - C+ PHY - C+ CHE - C+ ENG/KIS - C+
5A,Bachelor of Science in Electrical and Electronics Engineering,MAT ALTERNATIVE A - C+ PHY - C+ CHE - C+ ENG/KIS - C+
5A,Bachelor of Engineering (Chemical Engineering),MAT ALTERNATIVE A - C+ PHY - C+ CHE - C+ ENG/KIS - C+
5A,Bachelor of Science (Electrical & Electronics Engineering),MAT ALTERNATIVE A - C+ PHY - C+ CHE - C+ ENG/KIS - C+
5A,Bachelor of Science (Marine Engineering),MAT ALTERNATIVE A - C+ PHY - C+ CHE - C+ ENG/KIS - C+
5A,Bachelor of Science in Water and Environmental Engineering,MAT ALTERNATIVE A - C+ PHY - C+ CHE - C+ ENG/KIS - C+
5A,Bachelor of Science in Marine Engineering,MAT ALTERNATIVE A - C+ PHY - C+ CHE - C+ ENG/KIS - C+
5A,Bachelor of Science (Agricultural Engineering),MAT ALTERNATIVE A - C+ PHY - C+ CHE - C+ ENG/KIS - C+
5A,Bachelor of Science (Petroleum Engineering),MAT ALTERNATIVE A - C+ PHY - C+ CHE - C+ ENG/KIS - C+
5A,Bachelor of Science (Telecommunication and Information Engineering) Bahelor of Science in Mining and Mineral Process Engineering,MAT ALTERNATIVE A - C+ PHY - C+ CHE - C+ ENG/KIS - C+
5A,Bachelor of Science in Telecommunication and Information Engineering,MAT ALTERNATIVE A - C+ PHY - C+ CHE - C+ ENG/KIS - C+
5B,Bachelor of Science (Analytical Chemistry With Management),MAT ALTERNATIVE A - C (PLAIN) PHY – C (PLAIN) CHE - C+
5B,Bachelor of Science (Industrial Chemistry With Management),MAT ALTERNATIVE A - C (PLAIN) PHY – C (PLAIN) CHE - C+
5B,Bachelor of Science in Analytical Chemistry,MAT ALTERNATIVE A - C (PLAIN) PHY – C (PLAIN) CHE - C+
5B,"Bachelor of Science (Industrial Chemistry, With IT)",MAT ALTERNATIVE A - C (PLAIN) PHY – C (PLAIN) CHE - C+
5B,Bachelor of Science (Analytical Chemistry),MAT ALTERNATIVE A - C (PLAIN) PHY – C (PLAIN) CHE - C+
5B,Bachelor of Science in Industrial Chemistry,MAT ALTERNATIVE A - C (PLAIN) PHY – C (PLAIN) CHE - C+
5B,Bachelor of Science in Analytical Chemistry With Computing,MAT ALTERNATIVE A - C (PLAIN) PHY – C (PLAIN) CHE - C+
5B,Bachelor of Science (Industrial Chemistry),MAT ALTERNATIVE A - C (PLAIN) PHY – C (PLAIN) CHE - C+
5B,"Bachelor of Science Chemistry (Inorganic, Physical and Organic Options)",MAT ALTERNATIVE A - C (PLAIN) PHY – C (PLAIN) CHE - C+
5B,Bachelor of Science (Petroleum Chemistry),MAT ALTERNATIVE A - C (PLAIN) PHY – C (PLAIN) CHE - C+
5B,Bachelor of Technology in Applied Chemistry (Analytical & Industrial Options),MAT ALTERNATIVE A - C (PLAIN) PHY – C (PLAIN) CHE - C+
5B,Bachelor of Technology (Industrial and Applied Chemistry),MAT ALTERNATIVE A - C (PLAIN) PHY – C (PLAIN) CHE - C+
5C,Bachelor of Science (Control and Instrumentation),MAT ALTERNATIVE A - C (PLAIN) PHY – C (PLAIN) CHE – C (PLAIN)
5C,Bachelor of Science (Renewable Energy and Environmental Physics),MAT ALTERNATIVE A - C (PLAIN) PHY – C (PLAIN) CHE – C (PLAIN)
5C,Bachelor of Science Instrumentation & Control,MAT ALTERNATIVE A - C (PLAIN) PHY – C (PLAIN) CHE – C (PLAIN)
5C,Bachelor of Science in Renewable Energy and Environmental Physics,MAT ALTERNATIVE A - C (PLAIN) PHY – C (PLAIN) CHE – C (PLAIN)
5C,Bachelor of Science in Control and Instrumentation,MAT ALTERNATIVE A - C (PLAIN) PHY – C (PLAIN) CHE – C (PLAIN)
5C,Bachelor of Science (Renewable Energy),MAT ALTERNATIVE A - C (PLAIN) PHY – C (PLAIN) CHE – C (PLAIN)
5C,Bachelor of Science (Microprocessor Technology and Instrumentation),MAT ALTERNATIVE A - C (PLAIN) PHY – C (PLAIN) CHE – C (PLAIN)
5C,Bachelor of Science (Renewable Energy Technology and Management),MAT ALTERNATIVE A - C (PLAIN) PHY – C (PLAIN) CHE – C (PLAIN)
5C,Bachelor of Science (Instrumentation & Control Engineering),MAT ALTERNATIVE A - C (PLAIN) PHY – C (PLAIN) CHE – C (PLAIN)
5C,Bachelor of Science (Renewable Energy and Bio-fuels Technology),MAT ALTERNATIVE A - C (PLAIN) PHY – C (PLAIN) CHE – C (PLAIN)
5C,Bachelor of Science (Telecommunication & Information Technology),MAT ALTERNATIVE A - C (PLAIN) PHY – C (PLAIN) CHE – C (PLAIN)
5C,Bachelor of Science (Renewable Energy and Biofuels Technology),MAT ALTERNATIVE A - C (PLAIN) PHY – C (PLAIN) CHE – C (PLAIN)
5C,Bachelor of Science (Manufacturing Engineering & Technology),MAT ALTERNATIVE A - C (PLAIN) PHY – C (PLAIN) CHE – C (PLAIN)
5C,Bachelor of Science (Energy Technology),MAT ALTERNATIVE A - C (PLAIN) PHY – C (PLAIN) CHE – C (PLAIN)
5C,Bachelor of Science (Applied Optics and Lasers),MAT ALTERNATIVE A - C (PLAIN) PHY – C (PLAIN) CHE – C (PLAIN)
5C,Bachelor of Science (Electronics),MAT ALTERNATIVE A - C (PLAIN) PHY – C (PLAIN) CHE – C (PLAIN)
5C,Bachelor of Science Engineering Physics,MAT ALTERNATIVE A - C (PLAIN) PHY – C (PLAIN) CHE – C (PLAIN)
5C,Bachelor of Science in Engineering Physics,MAT ALTERNATIVE A - C (PLAIN) PHY – C (PLAIN) CHE – C (PLAIN)
5C,Bachelor of Science (Applied Bioengineering),MAT ALTERNATIVE A - C (PLAIN) PHY – C (PLAIN) CHE – C (PLAIN)
5C,Bachelor of Science in Applied Bioengineering,MAT ALTERNATIVE A - C (PLAIN) PHY – C (PLAIN) CHE – C (PLAIN)
5C,Bachelor of Science (Biomedical Engineering),MAT ALTERNATIVE A - C (PLAIN) PHY – C (PLAIN) CHE – C (PLAIN)
5D,Bachelor of Science (Agricultural and Biosystems Engineering),MAT ALTERNATIVE A - C+ PHY - C+ CHE - C+ BIO - C+
5D,Bachelor of Engineering (Agricultural & Bio-systems Engineering),MAT ALTERNATIVE A - C+ PHY - C+ CHE - C+ BIO - C+
5D,Bachelor of Science (Agricultural & Bio-systems Engineering),MAT ALTERNATIVE A - C+ PHY - C+ CHE - C+ BIO - C+
5D,Bachelor of Science in Agricultural and Biosystems Engineering,MAT ALTERNATIVE A - C+ PHY - C+ CHE - C+ BIO - C+
5E,Bachelor of Technology (Civil Engineering Technology),MAT ALTERNATIVE A - C+ PHY - C+ CHE - C+
5E,Bachelor of Technology in Electrical and Electronic Engineering,MAT ALTERNATIVE A - C+ PHY - C+ CHE - C+
5E,Bachelor of Technology in Medical Engineering,MAT ALTERNATIVE A - C+ PHY - C+ CHE - C+
5E,Bachelor of Industrial Technology,MAT ALTERNATIVE A - C+ PHY - C+ CHE - C+
5E,Bachelor of Science (Renewable Energy and Technology),MAT ALTERNATIVE A - C+ PHY - C+ CHE - C+
5E,Bachelor of Science in Renewable Energy and Technology,MAT ALTERNATIVE A - C+ PHY - C+ CHE - C+
5E,Bachelor of Technology in Renewable Energy & Environmental Physics,MAT ALTERNATIVE A - C+ PHY - C+ CHE - C+
5E,Bachelor of Technology (Chemical Engineering),MAT ALTERNATIVE A - C+ PHY - C+ CHE - C+
5F,Bachelor of Education in Technology (Civil Engineering),PHY - C+ MAT ALTERNATIVE A - C+ CHE - C+
5F,Bachelor of Education in Technology (Mechanical,PHY - C+ MAT ALTERNATIVE A - C+ CHE - C+
5F,Bachelor of Education in Technology (Electrical &,PHY - C+ MAT ALTERNATIVE A - C+ CHE - C+
5F,Bachelor of Education Technical and Vocational Education,PHY - C+ MAT ALTERNATIVE A - C+ CHE - C+
5F,Bachelor of Education (Technology),PHY - C+ MAT ALTERNATIVE A - C+ CHE - C+
5F,Bachelor of Education (Technology Education),PHY - C+ MAT ALTERNATIVE A - C+ CHE - C+
6A,Bachelor of Architectural Studies/Bachelor of Architecture,MAT ALTERNATIVE A - C+ PHY - C+ ENG/KIS - C+
6A,Bachelor of Quantity Surveying,MAT ALTERNATIVE A - C+ PHY - C+ ENG/KIS - C+
6A,Bachelor of Architecture,MAT ALTERNATIVE A - C+ PHY - C+ ENG/KIS - C+
6A,Bachelor of Science (Quantity Surveying),MAT ALTERNATIVE A - C+ PHY - C+ ENG/KIS - C+
6A,Bachelor of Architectural Technology,MAT ALTERNATIVE A - C+ PHY - C+ ENG/KIS - C+
6A,Bachelor of Landscape Architecture,MAT ALTERNATIVE A - C+ PHY - C+ ENG/KIS - C+
6B,Bachelor of Arts (Planning),MAT ALTERNATIVE A - C (Plain) ENG/KIS - C+ GEO – C (PLAIN)
6B,Bachelor of Construction Management,MAT ALTERNATIVE A - C (Plain) ENG/KIS - C+ GEO – C (PLAIN)
6B,Bachelor of Arts (Spatial Planning),MAT ALTERNATIVE A - C (Plain) ENG/KIS - C+ GEO – C (PLAIN)
6B,Bachelor of Science (Construction Management),MAT ALTERNATIVE A - C (Plain) ENG/KIS - C+ GEO – C (PLAIN)
6B,Bachelor of Arts (Design),MAT ALTERNATIVE A - C (Plain) ENG/KIS - C+ GEO – C (PLAIN)
6B,Bachelor of The Built Environment (Construction Management),MAT ALTERNATIVE A - C (Plain) ENG/KIS - C+ GEO – C (PLAIN)
6B,Bachelor of Technology (Design),MAT ALTERNATIVE A - C (Plain) ENG/KIS - C+ GEO – C (PLAIN)
6B,Bachelor of The Built Environment (Urban and Regional Planning),MAT ALTERNATIVE A - C (Plain) ENG/KIS - C+ GEO – C (PLAIN)
6B,Bachelor of Technology (Building Construction),MAT ALTERNATIVE A - C (Plain) ENG/KIS - C+ GEO – C (PLAIN)
6B,"Bachelor of Arts (Urban and Regional Planning, With IT)",MAT ALTERNATIVE A - C (Plain) ENG/KIS - C+ GEO – C (PLAIN)
6B,Bachelor of Science (Urban Design and Development),MAT ALTERNATIVE A - C (Plain) ENG/KIS - C+ GEO – C (PLAIN)
6C,Bachelor of Real Estate,MAT ALTERNATIVE A - C+
6C,Bachelor of Science (Real Estate),MAT ALTERNATIVE A - C+
6C,Bachelor of Technology (Real Estate and Property Management),MAT ALTERNATIVE A - C+
6C,Bachelor of Science (Land Administration),MAT ALTERNATIVE A - C+
7A,Bachelor of Science (Computer Science),MAT ALTERNATIVE A - C+ PHY - C + ENG/KIS - C (PLAIN)
7A,Bachelor of Science (Mathematics & Computer Science),MAT ALTERNATIVE A - C+ PHY - C + ENG/KIS - C (PLAIN)
7A,Bachelor of Science in Computer Science,MAT ALTERNATIVE A - C+ PHY - C + ENG/KIS - C (PLAIN)
7A,Bachelor of Science (Mathematics and Computer Science),MAT ALTERNATIVE A - C+ PHY - C + ENG/KIS - C (PLAIN)
7A,Bachelor of Science (Applied Computer Science),MAT ALTERNATIVE A - C+ PHY - C + ENG/KIS - C (PLAIN)
7A,Bachelor of Science in Mathematics & Computer Science,MAT ALTERNATIVE A - C+ PHY - C + ENG/KIS - C (PLAIN)
7A,Bachelor of Science in Applied Computer Science,MAT ALTERNATIVE A - C+ PHY - C + ENG/KIS - C (PLAIN)
7A,Bachelor of Science (Maths and Computer Science),MAT ALTERNATIVE A - C+ PHY - C + ENG/KIS - C (PLAIN)
7A,Bachelor of Science in Applied Physics and Computer Science,MAT ALTERNATIVE A - C+ PHY - C + ENG/KIS - C (PLAIN)
7A,Bachelor of Science in Mathematics and Computer Science,MAT ALTERNATIVE A - C+ PHY - C + ENG/KIS - C (PLAIN)
7A,Bachelor of Science in Software Engineering,MAT ALTERNATIVE A - C+ PHY - C + ENG/KIS - C (PLAIN)
7A,Bachelor of Science in Statistics & Computer Science,MAT ALTERNATIVE A - C+ PHY - C + ENG/KIS - C (PLAIN)
7A,Bachelor of Science (Computer Technology),MAT ALTERNATIVE A - C+ PHY - C + ENG/KIS - C (PLAIN)
7A,Bachelor of Technology (Communication and Computer Networks),MAT ALTERNATIVE A - C+ PHY - C + ENG/KIS - C (PLAIN)
7A,Bachelor of Science in Computer Technology,MAT ALTERNATIVE A - C+ PHY - C + ENG/KIS - C (PLAIN)
7A,Bachelor of Applied Computer Science,MAT ALTERNATIVE A - C+ PHY - C + ENG/KIS - C (PLAIN)
7A,Bachelor of Technology (Computer Technology),MAT ALTERNATIVE A - C+ PHY - C + ENG/KIS - C (PLAIN)
7A,Bachelor of Science (Computer Security and Forensics),MAT ALTERNATIVE A - C+ PHY - C + ENG/KIS - C (PLAIN)
7A,Bachelor of Science in Computer Information Systems,MAT ALTERNATIVE A - C+ PHY - C + ENG/KIS - C (PLAIN)
7A,Bachelor of Science in Computer Security and Forensics,MAT ALTERNATIVE A - C+ PHY - C + ENG/KIS - C (PLAIN)
7B,Bachelor of Science (Applied Statistics With Computing),MAT ALTERNATIVE A - C+ PHY - C (PLAIN) ENG/KIS - C (PLAIN)
7B,Bachelor of Science in Applied Statistics With Computing,MAT ALTERNATIVE A - C+ PHY - C (PLAIN) ENG/KIS - C (PLAIN)
7B,Bachelor of Science (Mathematics and Computing),MAT ALTERNATIVE A - C+ PHY - C (PLAIN) ENG/KIS - C (PLAIN)
7B,Bachelor of Science (Statistics & Programming),MAT ALTERNATIVE A - C+ PHY - C (PLAIN) ENG/KIS - C (PLAIN)
7B,Bachelor of Science (Applied Statistics With Programming),MAT ALTERNATIVE A - C+ PHY - C (PLAIN) ENG/KIS - C (PLAIN)
7B,Bachelor of Science in Statistics and Programming,MAT ALTERNATIVE A - C+ PHY - C (PLAIN) ENG/KIS - C (PLAIN)
7B,Bachelor of Science (Informatics and Mathematics),MAT ALTERNATIVE A - C+ PHY - C (PLAIN) ENG/KIS - C (PLAIN)
7B,Bachelor of Science (Business Computing),MAT ALTERNATIVE A - C+ PHY - C (PLAIN) ENG/KIS - C (PLAIN)
7B,Bachelor of Science in Business Computing,MAT ALTERNATIVE A - C+ PHY - C (PLAIN) ENG/KIS - C (PLAIN)
7B,Bachelor of Science in Informatics,MAT ALTERNATIVE A - C+ PHY - C (PLAIN) ENG/KIS - C (PLAIN)
7B,Bachelor of Science (Informatics),MAT ALTERNATIVE A - C+ PHY - C (PLAIN) ENG/KIS - C (PLAIN)
7B,Bachelor of Science (Biometry and Informatics),MAT ALTERNATIVE A - C+ PHY - C (PLAIN) ENG/KIS - C (PLAIN)
7B,Bachelor of Science Statistics and Information Technology,MAT ALTERNATIVE A - C+ PHY - C (PLAIN) ENG/KIS - C (PLAIN)
7C,Bachelor of Information Technology,MAT ALTERNATIVE A - C (PLAIN) ENG/KIS - C (PLAIN)
7C,Bachelor of Science (Information Technology),MAT ALTERNATIVE A - C (PLAIN) ENG/KIS - C (PLAIN)
7C,Bachelor of Science in Information Technology,MAT ALTERNATIVE A - C (PLAIN) ENG/KIS - C (PLAIN)
7C,Bachelor of Technology (Information Technology),MAT ALTERNATIVE A - C (PLAIN) ENG/KIS - C (PLAIN)
7C,Bachelor of Technology in Information Technology,MAT ALTERNATIVE A - C (PLAIN) ENG/KIS - C (PLAIN)
7C,Bachelor of Science (Information and Communication,MAT ALTERNATIVE A - C (PLAIN) ENG/KIS - C (PLAIN)
7C,Bachelor of Technology in Information & Communication,MAT ALTERNATIVE A - C (PLAIN) ENG/KIS - C (PLAIN)
8A,Bachelor of Science (Agribusiness),MAT ALTERNATIVE A - C(PLAIN) BIO - C (PLAIN)/AGRIC - C+/BST - C+
8A,Bachelor of Science (Agricultural Economics & Resource Management),MAT ALTERNATIVE A - C(PLAIN) BIO - C (PLAIN)/AGRIC - C+/BST - C+
8A,Bachelor of Agribusiness Management,MAT ALTERNATIVE A - C(PLAIN) BIO - C (PLAIN)/AGRIC - C+/BST - C+
8A,"Bachelor of Science (Agricultural Economics, With IT)",MAT ALTERNATIVE A - C(PLAIN) BIO - C (PLAIN)/AGRIC - C+/BST - C+
8A,Bachelor of Science (Agribusiness Management),MAT ALTERNATIVE A - C(PLAIN) BIO - C (PLAIN)/AGRIC - C+/BST - C+
8A,Bachelor of Science (Agribusiness Economics and Food Industry Management),MAT ALTERNATIVE A - C(PLAIN) BIO - C (PLAIN)/AGRIC - C+/BST - C+
8A,Bachelor of Science Agribusiness Management,MAT ALTERNATIVE A - C(PLAIN) BIO - C (PLAIN)/AGRIC - C+/BST - C+
8A,Bachelor of Science (Agricultural Economics and Rural Development),MAT ALTERNATIVE A - C(PLAIN) BIO - C (PLAIN)/AGRIC - C+/BST - C+
8A,Bachelor of Science (Agricultural Resource Management),MAT ALTERNATIVE A - C(PLAIN) BIO - C (PLAIN)/AGRIC - C+/BST - C+
8A,Bachelor of Science in Agricultural Economics and Rural Development,MAT ALTERNATIVE A - C(PLAIN) BIO - C (PLAIN)/AGRIC - C+/BST - C+
8A,Bachelor of Science in Agribusiness Management and,MAT ALTERNATIVE A - C(PLAIN) BIO - C (PLAIN)/AGRIC - C+/BST - C+
8A,Bachelor of Science (Agricultural Economics and Resource Management),MAT ALTERNATIVE A - C(PLAIN) BIO - C (PLAIN)/AGRIC - C+/BST - C+
8A,Bachelor of Science in Agribusiness Management,MAT ALTERNATIVE A - C(PLAIN) BIO - C (PLAIN)/AGRIC - C+/BST - C+
8A,Bachelor of Science (Agricultural Economics),MAT ALTERNATIVE A - C(PLAIN) BIO - C (PLAIN)/AGRIC - C+/BST - C+
8A,Bachelor of Science in Agricultural Resource Economics and,MAT ALTERNATIVE A - C(PLAIN) BIO - C (PLAIN)/AGRIC - C+/BST - C+
8A,Bachelor of Science (Agricultural Economics and Resource Management),MAT ALTERNATIVE A - C(PLAIN) BIO - C (PLAIN)/AGRIC - C+/BST - C+
8A,Bachelor of Science Agribusiness Management and,MAT ALTERNATIVE A - C(PLAIN) BIO - C (PLAIN)/AGRIC - C+/BST - C+
8A,Bachelor of Science (Agriculture Economics & Resource Management),MAT ALTERNATIVE A - C(PLAIN) BIO - C (PLAIN)/AGRIC - C+/BST - C+
8A,Bachelor of Science (Agribusiness Management),MAT ALTERNATIVE A - C(PLAIN) BIO - C (PLAIN)/AGRIC - C+/BST - C+
8A,Bachelor of Science in Agricultural Economics,MAT ALTERNATIVE A - C(PLAIN) BIO - C (PLAIN)/AGRIC - C+/BST - C+
8A,Bachelor of Science (Agri Business Management),MAT ALTERNATIVE A - C(PLAIN) BIO - C (PLAIN)/AGRIC - C+/BST - C+
8A,Bachelor of Science in Agricultural Resource Management,MAT ALTERNATIVE A - C(PLAIN) BIO - C (PLAIN)/AGRIC - C+/BST - C+
8A,Bachelor of Science (Agribusiness Management & Trade),MAT ALTERNATIVE A - C(PLAIN) BIO - C (PLAIN)/AGRIC - C+/BST - C+
8A,Bachelor of Science in Agribusiness Management and Trade,MAT ALTERNATIVE A - C(PLAIN) BIO - C (PLAIN)/AGRIC - C+/BST - C+
8A,"Bachelor of Science (Agribusiness Management, With IT)",MAT ALTERNATIVE A - C(PLAIN) BIO - C (PLAIN)/AGRIC - C+/BST - C+
9A,Bachelor of Science,MAT ALTERNATIVE A - C (PLAIN) BIO/CHE/PHY - C (PLAIN) BIO/PHY/CHE - C (PLAIN)
9A,"Bachelor of Science (Basic Science, With IT)",MAT ALTERNATIVE A - C (PLAIN) BIO/CHE/PHY - C (PLAIN) BIO/PHY/CHE - C (PLAIN)
9A,Bachelor of Science (B.sc),MAT ALTERNATIVE A - C (PLAIN) BIO/CHE/PHY - C (PLAIN) BIO/PHY/CHE - C (PLAIN)
9B,Bachelor of Science in Biology,MAT ALTERNATIVE A - C (PLAIN) BIO - C+ CHE – C (PLAIN)
9B,Bachelor of Science (Cellular and Molecular Biology),MAT ALTERNATIVE A - C (PLAIN) BIO - C+ CHE – C (PLAIN)
9B,Bachelor of Science (Biological Sciences),MAT ALTERNATIVE A - C (PLAIN) BIO - C+ CHE – C (PLAIN)
9B,Bachelor of Science (Molecular & Cellular Biology),MAT ALTERNATIVE A - C (PLAIN) BIO - C+ CHE – C (PLAIN)
9B,Bachelor of Science (Applied Biology),MAT ALTERNATIVE A - C (PLAIN) BIO - C+ CHE – C (PLAIN)
9B,Bachelor of Science in Entomology and Parasitology,MAT ALTERNATIVE A - C (PLAIN) BIO - C+ CHE – C (PLAIN)
9B,Bachelor of Science in Applied Biology,MAT ALTERNATIVE A - C (PLAIN) BIO - C+ CHE – C (PLAIN)
9B,Bachelor of Science in Biotechnology,MAT ALTERNATIVE A - C (PLAIN) BIO - C+ CHE – C (PLAIN)
9B,Bachelor of Technology (Applied Biology),MAT ALTERNATIVE A - C (PLAIN) BIO - C+ CHE – C (PLAIN)
9B,Bachelor of Science (Biotechnology),MAT ALTERNATIVE A - C (PLAIN) BIO - C+ CHE – C (PLAIN)
9B,Bachelor of Science (Microbiology and Biotechnology),MAT ALTERNATIVE A - C (PLAIN) BIO - C+ CHE – C (PLAIN)
9B,Bachelor of Science (Conservation Biology),MAT ALTERNATIVE A - C (PLAIN) BIO - C+ CHE – C (PLAIN)
9B,Bachelor of Science in Microbiology and Biotechnology,MAT ALTERNATIVE A - C (PLAIN) BIO - C+ CHE – C (PLAIN)
9B,Bachelor of Science (Genomic Sciences),MAT ALTERNATIVE A - C (PLAIN) BIO - C+ CHE – C (PLAIN)
9B,Bachelor of Science in Microbiology,MAT ALTERNATIVE A - C (PLAIN) BIO - C+ CHE – C (PLAIN)
9B,Bachelor of Science (Forensic Biology),MAT ALTERNATIVE A - C (PLAIN) BIO - C+ CHE – C (PLAIN)
9B,Bachelor of Science (Microbiology),MAT ALTERNATIVE A - C (PLAIN) BIO - C+ CHE – C (PLAIN)
9B,Bachelor of Science in Genomic Science,MAT ALTERNATIVE A - C (PLAIN) BIO - C+ CHE – C (PLAIN)
9B,Bachelor of Science in Biology (Botany or Zoology Option),MAT ALTERNATIVE A - C (PLAIN) BIO - C+ CHE – C (PLAIN)
9B,Bachelor of Science (Zoology),MAT ALTERNATIVE A - C (PLAIN) BIO - C+ CHE – C (PLAIN)
9B,Bachelor of Science Industrial Biotechnology,MAT ALTERNATIVE A - C (PLAIN) BIO - C+ CHE – C (PLAIN)
9B,Bachelor of Science in Zoology,MAT ALTERNATIVE A - C (PLAIN) BIO - C+ CHE – C (PLAIN)
9B,Bachelor of Technology (Biotechnology),MAT ALTERNATIVE A - C (PLAIN) BIO - C+ CHE – C (PLAIN)
9B,Bachelor of Science in Molecular Biology and Forensic Technology,MAT ALTERNATIVE A - C (PLAIN) BIO - C+ CHE – C (PLAIN)
9B,Bachelor of Technology in Industrial Microbiology & Biotechnology,MAT ALTERNATIVE A - C (PLAIN) BIO - C+ CHE – C (PLAIN)
9B,Bachelor of Science (Botany),MAT ALTERNATIVE A - C (PLAIN) BIO - C+ CHE – C (PLAIN)
9B,Bachelor of Science in Biotechnology and Biosafety,MAT ALTERNATIVE A - C (PLAIN) BIO - C+ CHE – C (PLAIN)
9B,Bachelor of Science (Biochemistry and Molecular Biology),MAT ALTERNATIVE A - C (PLAIN) BIO - C+ CHE – C (PLAIN)
9B,Bachelor of Science (Forensic Science),MAT ALTERNATIVE A - C (PLAIN) BIO - C+ CHE – C (PLAIN)
9B,Bachelor of Science in Biochemistry and Molecular Biology,MAT ALTERNATIVE A - C (PLAIN) BIO - C+ CHE – C (PLAIN)
9B,Bachelor of Science in Biosciences,MAT ALTERNATIVE A - C (PLAIN) BIO - C+ CHE – C (PLAIN)
9B,Bachelor of Science (Biochemistry),MAT ALTERNATIVE A - C (PLAIN) BIO - C+ CHE – C (PLAIN)
9B,Bachelor of Science in Medical Microbiology,MAT ALTERNATIVE A - C (PLAIN) BIO - C+ CHE – C (PLAIN)
9B,Bachelor of Science in Biochemistry,MAT ALTERNATIVE A - C (PLAIN) BIO - C+ CHE – C (PLAIN)
9B,Bachelor of Science (Medical Biochemistry),MAT ALTERNATIVE A - C (PLAIN) BIO - C+ CHE – C (PLAIN)
9B,Bachelor of Science in Medical Biochemistry,MAT ALTERNATIVE A - C (PLAIN) BIO - C+ CHE – C (PLAIN)
9C,Bachelor of Science (Physics),MAT ALTERNATIVE A - C (PLAIN) PHY - C+
9C,Bachelor of Science in Physics,MAT ALTERNATIVE A - C (PLAIN) PHY - C+
9C,"Bachelor of Science (Physics, With IT)",MAT ALTERNATIVE A - C (PLAIN) PHY - C+
9C,Bachelor of Technology (Technical and Applied Physics),MAT ALTERNATIVE A - C (PLAIN) PHY - C+
9C,Bachelor of Technology in Applied Physics (Electronics & Instrumentation,MAT ALTERNATIVE A - C (PLAIN) PHY - C+
9D,Bachelor of Science (Chemistry),MAT ALTERNATIVE A - C (PLAIN) CHE - C+
9D,Bachelor of Science in Chemistry,MAT ALTERNATIVE A - C (PLAIN) CHE - C+
9D,Bachelor of Science (Environmental Chemistry),MAT ALTERNATIVE A - C (PLAIN) CHE - C+
10A,Bachelor of Science (Accountancy),MAT ALTERNATIVE A - C+ ENG/KIS - C+
10B,Bachelor of Economics,MAT ALTERNATIVE A - C+ ENG/KIS - C (PLAIN)
10B,Bachelor of Arts (Economics & Sociology),MAT ALTERNATIVE A - C+ ENG/KIS - C (PLAIN)
10B,Bachelor of Science in Economics,MAT ALTERNATIVE A - C+ ENG/KIS - C (PLAIN)
10B,Bachelor of Arts (Economics and Sociology),MAT ALTERNATIVE A - C+ ENG/KIS - C (PLAIN)
10B,Bachelor of Science in Economics & Statistics,MAT ALTERNATIVE A - C+ ENG/KIS - C (PLAIN)
10B,Bachelor of Arts in Economics and Sociology,MAT ALTERNATIVE A - C+ ENG/KIS - C (PLAIN)
10B,Bachelor of Economics & Statistics,MAT ALTERNATIVE A - C+ ENG/KIS - C (PLAIN)
10B,Bachelor of Arts (Economics),MAT ALTERNATIVE A - C+ ENG/KIS - C (PLAIN)
10B,Bachelor of Economics and Statistics,MAT ALTERNATIVE A - C+ ENG/KIS - C (PLAIN)
10B,Bachelor of Arts in Economics,MAT ALTERNATIVE A - C+ ENG/KIS - C (PLAIN)
10B,Bachelor of Science (Economics and Statistics),MAT ALTERNATIVE A - C+ ENG/KIS - C (PLAIN)
10B,"Bachelor of Arts (Economics, With IT)",MAT ALTERNATIVE A - C+ ENG/KIS - C (PLAIN)
10B,Bachelor of Science (Economics & Statistics),MAT ALTERNATIVE A - C+ ENG/KIS - C (PLAIN)
10B,Bachelor of Arts (History & Economics),MAT ALTERNATIVE A - C+ ENG/KIS - C (PLAIN)
10B,Bachelor of Science (Mathematics and Economics),MAT ALTERNATIVE A - C+ ENG/KIS - C (PLAIN)
10B,Bachelor of Arts (History and Economics),MAT ALTERNATIVE A - C+ ENG/KIS - C (PLAIN)
10B,Bachelor of Science in Mathematics and Economics,MAT ALTERNATIVE A - C+ ENG/KIS - C (PLAIN)
10B,Bachelor of Science (Financial Engineering),MAT ALTERNATIVE A - C+ ENG/KIS - C (PLAIN)
10B,"Bachelor of Science (Mathematics & Business Studies, With IT)",MAT ALTERNATIVE A - C+ ENG/KIS - C (PLAIN)
10B,Bachelor of Science in Mathematics and Finance and Statistics),MAT ALTERNATIVE A - C+ ENG/KIS - C (PLAIN)
10B,Bachelor of Economics & Finance,MAT ALTERNATIVE A - C+ ENG/KIS - C (PLAIN)
10B,"Bachelor of Science (Mathematics & Economics, With IT",MAT ALTERNATIVE A - C+ ENG/KIS - C (PLAIN)
10B,"Bachelor of Economics (Economics & Finance, With IT)",MAT ALTERNATIVE A - C+ ENG/KIS - C (PLAIN)
10B,Bachelor of Science in Financial Economics,MAT ALTERNATIVE A - C+ ENG/KIS - C (PLAIN)
10B,Bachelor of Economics and Finance,MAT ALTERNATIVE A - C+ ENG/KIS - C (PLAIN)
10B,Bachelor of Science in Mathematics and Finance,MAT ALTERNATIVE A - C+ ENG/KIS - C (PLAIN)
10B,Bachelor of Science in Finance,MAT ALTERNATIVE A - C+ ENG/KIS - C (PLAIN)
10B,Bachelor of Science (Operations Research),MAT ALTERNATIVE A - C+ ENG/KIS - C (PLAIN)
10B,Bachelor of Science (Finance),MAT ALTERNATIVE A - C+ ENG/KIS - C (PLAIN)
10C,Bachelor of Actuarial Science,MAT ALTERNATIVE A - C+
10C,Bachelor of Science (Mathematics and Economics),MAT ALTERNATIVE A - C+
10C,Bachelor of Science in Actuarial Science,MAT ALTERNATIVE A - C+
10C,"Bachelor of Science (Mathematics & Business Studies, With IT)",MAT ALTERNATIVE A - C+
10C,Bachelor of Science (Actuarial Science),MAT ALTERNATIVE A - C+
10C,"Bachelor of Science in Mathematics (Pure Mathematics, Applied Mathematics",MAT ALTERNATIVE A - C+
10C,Bachelor of Science (Actuarial Science With IT),MAT ALTERNATIVE A - C+
10C,"Bachelor of Science (Mathematics & Economics, With IT",MAT ALTERNATIVE A - C+
10C,Bachelor of Science (Financial Engineering),MAT ALTERNATIVE A - C+
10C,Bachelor of Science in Mathematics and Finance and Statistics),MAT ALTERNATIVE A - C+
10C,"Bachelor of Science (Applied Statistics, With IT)",MAT ALTERNATIVE A - C+
10C,Bachelor of Science (Industrial Mathematics),MAT ALTERNATIVE A - C+
10C,Bachelor of Science (Applied Statistics),MAT ALTERNATIVE A - C+
10C,"Bachelor of Science (Mathematical Sciences, With IT)",MAT ALTERNATIVE A - C+
10C,Bachelor of Science in Applied Statistics,MAT ALTERNATIVE A - C+
10C,Bachelor of Science (Mathematics),MAT ALTERNATIVE A - C+
10C,Bachelor of Technology (Applied Statistics),MAT ALTERNATIVE A - C+
10C,Bachelor of Science in Mathematics,MAT ALTERNATIVE A - C+
10C,Bachelor of Science (Statistics),MAT ALTERNATIVE A - C+
10C,Bachelor of Arts (History and Economics),MAT ALTERNATIVE A - C+
11A,"Bachelor of Arts (Interior Design, With IT)",CHE – C (PLAIN)
11A,"Bachelor of Arts (Textiles, Apparel Design and Fashion Merchandising, With IT)",CHE – C (PLAIN)
11A,Bachelor of Science (Apparel & Fashion Technology),CHE – C (PLAIN)
11A,Bachelor of Science (Clothing Textile & Interior Design),CHE – C (PLAIN)
11A,Bachelor of Science (Fashion Design & Marketing),CHE – C (PLAIN)
11A,Bachelor of Science (Fashion Design and Textile Technology),CHE – C (PLAIN)
11A,Bachelor of Science in Fashion Design and Marketing,CHE – C (PLAIN)
12A,Bachelor of Science (Health Promotion and Sports Science),BIO/GSC – C (PLAIN)
12A,Bachelor of Science (Exercise & Sport Science),BIO/GSC – C (PLAIN)
12A,Bachelor of Science (Recreation and Sports Management),BIO/GSC – C (PLAIN)
12A,Bachelor of Sports Science & Management,BIO/GSC – C (PLAIN)
12A,Bachelor of Sports Management,BIO/GSC – C (PLAIN)
13A,Bachelor of Dental Surgery,BIO – B (PLAIN) CHE – B (PLAIN) MAT ALTERNATIVE A/PHY – B (PLAIN) ENG/KIS – B (PLAIN)
13A,Bachelor of Medicine &,BIO – B (PLAIN) CHE – B (PLAIN) MAT ALTERNATIVE A/PHY – B (PLAIN) ENG/KIS – B (PLAIN)
13A,Bachelor of Surgery,BIO – B (PLAIN) CHE – B (PLAIN) MAT ALTERNATIVE A/PHY – B (PLAIN) ENG/KIS – B (PLAIN)
13A,Bachelor of Medicine &,BIO – B (PLAIN) CHE – B (PLAIN) MAT ALTERNATIVE A/PHY – B (PLAIN) ENG/KIS – B (PLAIN)
13A,Bachelor of Surgery (M.B.Ch.B),BIO – B (PLAIN) CHE – B (PLAIN) MAT ALTERNATIVE A/PHY – B (PLAIN) ENG/KIS – B (PLAIN)
13A,Bachelor of Medicine and,BIO – B (PLAIN) CHE – B (PLAIN) MAT ALTERNATIVE A/PHY – B (PLAIN) ENG/KIS – B (PLAIN)
13A,Bachelor of Surgery,BIO – B (PLAIN) CHE – B (PLAIN) MAT ALTERNATIVE A/PHY – B (PLAIN) ENG/KIS – B (PLAIN)
13A,Bachelor of Medicine and,BIO – B (PLAIN) CHE – B (PLAIN) MAT ALTERNATIVE A/PHY – B (PLAIN) ENG/KIS – B (PLAIN)
13A,Bachelor of Surgery (M.B.Ch.B),BIO – B (PLAIN) CHE – B (PLAIN) MAT ALTERNATIVE A/PHY – B (PLAIN) ENG/KIS – B (PLAIN)
13A,Bachelor of Medicine and,BIO – B (PLAIN) CHE – B (PLAIN) MAT ALTERNATIVE A/PHY – B (PLAIN) ENG/KIS – B (PLAIN)
13A,Bachelor of Surgery (With IT),BIO – B (PLAIN) CHE – B (PLAIN) MAT ALTERNATIVE A/PHY – B (PLAIN) ENG/KIS – B (PLAIN)
13B,Bachelor of Pharmacy,BIO - C+ CHE - C+ MAT ALTERNATIVE A/PHY - C+ ENG/KIS - C+
13B,"Bachelor of Science (Nursing, With IT)",BIO - C+ CHE - C+ MAT ALTERNATIVE A/PHY - C+ ENG/KIS - C+
13B,"Bachelor of Science (Pharmaceutical Sciences, With IT)",BIO - C+ CHE - C+ MAT ALTERNATIVE A/PHY - C+ ENG/KIS - C+
13B,Bachelor of Science (Nursing),BIO - C+ CHE - C+ MAT ALTERNATIVE A/PHY - C+ ENG/KIS - C+
13B,Bachelor of Science (Environmental Health),BIO - C+ CHE - C+ MAT ALTERNATIVE A/PHY - C+ ENG/KIS - C+
13B,Bachelor of Science in Nursing,BIO - C+ CHE - C+ MAT ALTERNATIVE A/PHY - C+ ENG/KIS - C+
13B,Bachelor of Science in Environmental Health,BIO - C+ CHE - C+ MAT ALTERNATIVE A/PHY - C+ ENG/KIS - C+
13B,Bachelor of Science (Nursing Science),BIO - C+ CHE - C+ MAT ALTERNATIVE A/PHY - C+ ENG/KIS - C+
13B,Bachelor of Science in Environmental Health Sciences,BIO - C+ CHE - C+ MAT ALTERNATIVE A/PHY - C+ ENG/KIS - C+
13B,Bachelor of Science (Medical Laboratory Science & Technology),BIO - C+ CHE - C+ MAT ALTERNATIVE A/PHY - C+ ENG/KIS - C+
13B,Bachelor of Science (Optometry and Vision Sciences),BIO - C+ CHE - C+ MAT ALTERNATIVE A/PHY - C+ ENG/KIS - C+
13B,Bachelor of Science (Medical Laboratory Sciences),BIO - C+ CHE - C+ MAT ALTERNATIVE A/PHY - C+ ENG/KIS - C+
13B,Bachelor of Science (Physical Therapy),BIO - C+ CHE - C+ MAT ALTERNATIVE A/PHY - C+ ENG/KIS - C+
13B,Bachelor of Science (Medical Laboratory),BIO - C+ CHE - C+ MAT ALTERNATIVE A/PHY - C+ ENG/KIS - C+
13B,Bachelor of Physiotherapy,BIO - C+ CHE - C+ MAT ALTERNATIVE A/PHY - C+ ENG/KIS - C+
13B,Bachelor of Science in Medical Laboratory Sciences,BIO - C+ CHE - C+ MAT ALTERNATIVE A/PHY - C+ ENG/KIS - C+
13B,Bachelor of Science in Physiotherapy,BIO - C+ CHE - C+ MAT ALTERNATIVE A/PHY - C+ ENG/KIS - C+
13B,Bachelor of Technology (Medical Laboratory Science),BIO - C+ CHE - C+ MAT ALTERNATIVE A/PHY - C+ ENG/KIS - C+
13B,"Bachelor of Science (Public Health, With IT)",BIO - C+ CHE - C+ MAT ALTERNATIVE A/PHY - C+ ENG/KIS - C+
13B,Bachelor of Science in Clinical Medicine and Community Health,BIO - C+ CHE - C+ MAT ALTERNATIVE A/PHY - C+ ENG/KIS - C+
13B,Bachelor of Science in Public Health,BIO - C+ CHE - C+ MAT ALTERNATIVE A/PHY - C+ ENG/KIS - C+
13B,Bachelor of Science Clinical Medicine,BIO - C+ CHE - C+ MAT ALTERNATIVE A/PHY - C+ ENG/KIS - C+
13B,Bachelor of Science (Public Health),BIO - C+ CHE - C+ MAT ALTERNATIVE A/PHY - C+ ENG/KIS - C+
13B,"Bachelor of Science in Clinical Medicine, Surgery and Community Health",BIO - C+ CHE - C+ MAT ALTERNATIVE A/PHY - C+ ENG/KIS - C+
13B,Bachelor of Science in Public Health,BIO - C+ CHE - C+ MAT ALTERNATIVE A/PHY - C+ ENG/KIS - C+
13B,Bachelor of Science in Midwifery with Reproductive Health,BIO - C+ CHE - C+ MAT ALTERNATIVE A/PHY - C+ ENG/KIS - C+
13C,Bachelor of Technology (Community and Public Health),BIO - C (PLAIN) CHE - C (PLAIN) MAT ALTERNATIVE A/PHY - C (PLAIN) ENG/KIS - C (PLAIN)
13C,Bachelor of Science (Occupational Health & Safety),BIO - C (PLAIN) CHE - C (PLAIN) MAT ALTERNATIVE A/PHY - C (PLAIN) ENG/KIS - C (PLAIN)
13C,Bachelor of Science in Occupational Therapy,BIO - C (PLAIN) CHE - C (PLAIN) MAT ALTERNATIVE A/PHY - C (PLAIN) ENG/KIS - C (PLAIN)
13C,Bachelor of Population Health,BIO - C (PLAIN) CHE - C (PLAIN) MAT ALTERNATIVE A/PHY - C (PLAIN) ENG/KIS - C (PLAIN)
13C,Bachelor of Science (Community Health and Development),BIO - C (PLAIN) CHE - C (PLAIN) MAT ALTERNATIVE A/PHY - C (PLAIN) ENG/KIS - C (PLAIN)
13C,Bachelor of Science in Community Health and Development,BIO - C (PLAIN) CHE - C (PLAIN) MAT ALTERNATIVE A/PHY - C (PLAIN) ENG/KIS - C (PLAIN)
13C,Bachelor of Science in Community Health Education,BIO - C (PLAIN) CHE - C (PLAIN) MAT ALTERNATIVE A/PHY - C (PLAIN) ENG/KIS - C (PLAIN)
13C,Bachelor of Science (Population Health),BIO - C (PLAIN) CHE - C (PLAIN) MAT ALTERNATIVE A/PHY - C (PLAIN) ENG/KIS - C (PLAIN)
13C,Bachelor of Science (Community Health & Development),BIO - C (PLAIN) CHE - C (PLAIN) MAT ALTERNATIVE A/PHY - C (PLAIN) ENG/KIS - C (PLAIN)
13C,Bachelor of Science in Community Health,BIO - C (PLAIN) CHE - C (PLAIN) MAT ALTERNATIVE A/PHY - C (PLAIN) ENG/KIS - C (PLAIN)
13C,Bachelor of Science in Global Health and Emporiatrics,BIO - C (PLAIN) CHE - C (PLAIN) MAT ALTERNATIVE A/PHY - C (PLAIN) ENG/KIS - C (PLAIN)
13C,Bachelor of Science in Health Systems Management,BIO - C (PLAIN) CHE - C (PLAIN) MAT ALTERNATIVE A/PHY - C (PLAIN) ENG/KIS - C (PLAIN)
13C,Bachelor of Health Services Management,BIO - C (PLAIN) CHE - C (PLAIN) MAT ALTERNATIVE A/PHY - C (PLAIN) ENG/KIS - C (PLAIN)
13D,Bachelor of Veterinary Medicine,BIO - C+ CHE - C+ MAT ALTERNATIVE A/PHY/AGRIC- C+
13E,Bachelor of Science (Biostatistics),BIO - C+ MAT ALTERNATIVE A - C+
13E,Bachelor of Science in Biostatistics,BIO - C+ MAT ALTERNATIVE A - C+
13E,Bachelor of Science in Epidemiology and Biostatistics,BIO - C+ MAT ALTERNATIVE A - C+
13F,Bachelor of Science (Biomedical Science and Technology,BIO - C+ MAT ALTERNATIVE A/PHY - C+
13F,Bachelor of Science in Biomedical Science and Technology,BIO - C+ MAT ALTERNATIVE A/PHY - C+
13F,Bachelor of Science (Biomedical Science & Technology),BIO - C+ MAT ALTERNATIVE A/PHY - C+
13F,Bachelor of Science (Laboratory Sciences),BIO - C+ MAT ALTERNATIVE A/PHY - C+
13F,Bachelor of Technology (Science Laboratory Technology),BIO - C+ MAT ALTERNATIVE A/PHY - C+
13F,Bachelor of Science (Medical Psychology),BIO - C+ MAT ALTERNATIVE A/PHY - C+
13G,Bachelor of Science (Health Records and Informatics),BIO/BSC - C-(MINUS) MAT ALTERNATIVE A - C (PLAIN) ENG/KIS - C+ PHY/CHE/PSC - C (PLAIN)
13G,Bachelor of Science in Health Records and Information,BIO/BSC - C-(MINUS) MAT ALTERNATIVE A - C (PLAIN) ENG/KIS - C+ PHY/CHE/PSC - C (PLAIN)
13G,Bachelor of Science (Health Records & Information,BIO/BSC - C-(MINUS) MAT ALTERNATIVE A - C (PLAIN) ENG/KIS - C+ PHY/CHE/PSC - C (PLAIN)
13G,Bachelor of Science (Health Records and Information,BIO/BSC - C-(MINUS) MAT ALTERNATIVE A - C (PLAIN) ENG/KIS - C+ PHY/CHE/PSC - C (PLAIN)
13G,Bachelor of Science in Health Records Management &,BIO/BSC - C-(MINUS) MAT ALTERNATIVE A - C (PLAIN) ENG/KIS - C+ PHY/CHE/PSC - C (PLAIN)
14A,Bachelor of Arts History and Archaeology),HAG - C+
14A,Bachelor of Arts (History),HAG - C+
14A,"Bachelor of Arts (History and Archaeology, With IT)",HAG - C+
14A,Bachelor of Arts in History & International Studies,HAG - C+
15A,Bachelor of Science (Animal Health & Production),BIO - C+ CHE/MAT ALTERNATIVE A/PHY- C+
15A,Bachelor of Science (Animal Health and Production),BIO - C+ CHE/MAT ALTERNATIVE A/PHY- C+
15A,"Bachelor of Science (Animal Health, Production & Processing",BIO - C+ CHE/MAT ALTERNATIVE A/PHY- C+
15A,Bachelor of Science (Animal Production & Health Management),BIO - C+ CHE/MAT ALTERNATIVE A/PHY- C+
15A,Bachelor of Science in Animal Health Management,BIO - C+ CHE/MAT ALTERNATIVE A/PHY- C+
15A,Bachelor of Science in Animal Production,BIO - C+ CHE/MAT ALTERNATIVE A/PHY- C+
15A,Bachelor of Science in Applied Animal Laboratory Science,BIO - C+ CHE/MAT ALTERNATIVE A/PHY- C+
15B,Bachelor of Science (Animal Science & Management),BIO – C+ MAT ALTERNATIVE A/PHY/CHE – C+
15B,"Bachelor of Science (Animal Science, With IT)",BIO – C+ MAT ALTERNATIVE A/PHY/CHE – C+
15B,Bachelor of Science in Animal Science,BIO – C+ MAT ALTERNATIVE A/PHY/CHE – C+
15B,Bachelor of Science in Animal Science & Technology,BIO – C+ MAT ALTERNATIVE A/PHY/CHE – C+
15B,Bachelor of Science in Animal Products Technology,BIO – C+ MAT ALTERNATIVE A/PHY/CHE – C+
15C,Bachelor of Science (Food Nutrition and Dietetics),BIO – C (PLAIN) CHE – C (PLAIN) MAT ALTERNATIVE A/B/PHY/GEO – C (PLAIN) ENG/KIS – C (PLAIN)
15C,Bachelor of Science (Human Nutrition and Dietetics),BIO – C (PLAIN) CHE – C (PLAIN) MAT ALTERNATIVE A/B/PHY/GEO – C (PLAIN) ENG/KIS – C (PLAIN)
15C,Bachelor of Science (Food Science and Nutrition),BIO – C (PLAIN) CHE – C (PLAIN) MAT ALTERNATIVE A/B/PHY/GEO – C (PLAIN) ENG/KIS – C (PLAIN)
15C,Bachelor of Science in Food Science and Nutrition,BIO – C (PLAIN) CHE – C (PLAIN) MAT ALTERNATIVE A/B/PHY/GEO – C (PLAIN) ENG/KIS – C (PLAIN)
15C,"Bachelor of Science (Nutrition and Dietetics, With IT)",BIO – C (PLAIN) CHE – C (PLAIN) MAT ALTERNATIVE A/B/PHY/GEO – C (PLAIN) ENG/KIS – C (PLAIN)
15C,Bachelor of Science in Human Nutrition and Dietetics,BIO – C (PLAIN) CHE – C (PLAIN) MAT ALTERNATIVE A/B/PHY/GEO – C (PLAIN) ENG/KIS – C (PLAIN)
15C,Bachelor of Science (Food Nutrition & Dietetics),BIO – C (PLAIN) CHE – C (PLAIN) MAT ALTERNATIVE A/B/PHY/GEO – C (PLAIN) ENG/KIS – C (PLAIN)
15C,Bachelor of Technology (Nutrition and Dietetics),BIO – C (PLAIN) CHE – C (PLAIN) MAT ALTERNATIVE A/B/PHY/GEO – C (PLAIN) ENG/KIS – C (PLAIN)
15C,Bachelor of Science (Food Science & Nutrition),BIO – C (PLAIN) CHE – C (PLAIN) MAT ALTERNATIVE A/B/PHY/GEO – C (PLAIN) ENG/KIS – C (PLAIN)
15C,"Bachelor of Science (Food, Nutrition & Dietetics)",BIO – C (PLAIN) CHE – C (PLAIN) MAT ALTERNATIVE A/B/PHY/GEO – C (PLAIN) ENG/KIS – C (PLAIN)
15C,Bachelor of Science in Food Nutrition and Dietetics,BIO – C (PLAIN) CHE – C (PLAIN) MAT ALTERNATIVE A/B/PHY/GEO – C (PLAIN) ENG/KIS – C (PLAIN)
15D,Bachelor of Science (Fisheries and Aquaculture Management),BIO – C (PLAIN) CHE – C (PLAIN)
15D,"Bachelor of Science (Fisheries and Aquaculture, With IT)",BIO – C (PLAIN) CHE – C (PLAIN)
15D,Bachelor of Science Fisheries Management and Aquaculture Technology,BIO – C (PLAIN) CHE – C (PLAIN)
15D,Bachelor of Science in Fisheries and Aquaculture,BIO – C (PLAIN) CHE – C (PLAIN)
15D,Bachelor of Science (Coastal & Marine Resource Management,BIO – C (PLAIN) CHE – C (PLAIN)
15D,Bachelor of Science (Marine Biology & Fisheries),BIO – C (PLAIN) CHE – C (PLAIN)
15D,Bachelor of Science (Fisheries & Aquatic Sciences),BIO – C (PLAIN) CHE – C (PLAIN)
15D,Bachelor of Science in Aquaculture and Fisheries Technology,BIO – C (PLAIN) CHE – C (PLAIN)
15D,Bachelor of Science in Fisheries and Oceanography,BIO – C (PLAIN) CHE – C (PLAIN)
15D,Bachelor of Science in Marine Resource Management,BIO – C (PLAIN) CHE – C (PLAIN)
15D,Bachelor of Science in Maritime Management (Commercial),BIO – C (PLAIN) CHE – C (PLAIN)
15D,Bachelor of Science (Applied Aquatic Science),BIO – C (PLAIN) CHE – C (PLAIN)
15E,Bachelor of Science (Food Processing Technology),BIO/AGRIC/HSC – C (PLAIN) CHE – C (PLAIN) MATH C - (PLAIN)
15E,Bachelor of Science in Food Science & Technology,BIO/AGRIC/HSC – C (PLAIN) CHE – C (PLAIN) MATH C - (PLAIN)
15E,Bachelor of Science (Food Science & Technology),BIO/AGRIC/HSC – C (PLAIN) CHE – C (PLAIN) MATH C - (PLAIN)
15E,Bachelor of Science (Food Science and Management),BIO/AGRIC/HSC – C (PLAIN) CHE – C (PLAIN) MATH C - (PLAIN)
15E,Bachelor of Science (Food Science and Technology),BIO/AGRIC/HSC – C (PLAIN) CHE – C (PLAIN) MATH C - (PLAIN)
15E,Bachelor of Science (Food Security),BIO/AGRIC/HSC – C (PLAIN) CHE – C (PLAIN) MATH C - (PLAIN)
15E,Bachelor of Science in Food Technology & Quality Assurance,BIO/AGRIC/HSC – C (PLAIN) CHE – C (PLAIN) MATH C - (PLAIN)
15F,Bachelor of Environmental Science,BIO/AGR – C+ CHE/GEO – C+
15F,Bachelor of Technology (Environmental Resource Management,BIO/AGR – C+ CHE/GEO – C+
15F,Bachelor of Environmental Studies,BIO/AGR – C+ CHE/GEO – C+
15F,Bachelor of Science (Environmental Management),BIO/AGR – C+ CHE/GEO – C+
15F,Bachelor of Science in Environmental Studies,BIO/AGR – C+ CHE/GEO – C+
15F,"Bachelor of Science (Environmental Science, With IT)",BIO/AGR – C+ CHE/GEO – C+
15F,Bachelor of Environmental Studies (Arts),BIO/AGR – C+ CHE/GEO – C+
15F,Bachelor of Science (Environmental Science),BIO/AGR – C+ CHE/GEO – C+
15F,Bachelor of Environmental Studies (Science),BIO/AGR – C+ CHE/GEO – C+
15F,Bachelor of Science in Environmental Science and Technology,BIO/AGR – C+ CHE/GEO – C+
15F,Bachelor of Science in Environmental Science,BIO/AGR – C+ CHE/GEO – C+
15F,Bachelor of Science (Environmental Sciences),BIO/AGR – C+ CHE/GEO – C+
15F,Bachelor of Environmental (Environmental Resource Conservation),BIO/AGR – C+ CHE/GEO – C+
15F,Bachelor of Environmental Studies (Community Development),BIO/AGR – C+ CHE/GEO – C+
15F,Bachelor of Science (Bio-resources Management and Conservation),BIO/AGR – C+ CHE/GEO – C+
15F,Bachelor of Environmental Planning & Development Management,BIO/AGR – C+ CHE/GEO – C+
15F,Bachelor of Environmental Education,BIO/AGR – C+ CHE/GEO – C+
15F,Bachelor of Environmental Studies and Community Development,BIO/AGR – C+ CHE/GEO – C+
15F,"Bachelor of Science in Environment, Lands and Sustainable Development",BIO/AGR – C+ CHE/GEO – C+
15G,Bachelor of Science in Natural Resources,BIO - C PLAIN/AGR – C+ C H E – C (PLAIN) MATH A/PHY/GEO – C (PLAIN)
15G,Bachelor of Science (Sustainable Energy & Climate Change Systems),BIO - C PLAIN/AGR – C+ C H E – C (PLAIN) MATH A/PHY/GEO – C (PLAIN)
15G,Bachelor of Science (Natural Resource Management),BIO - C PLAIN/AGR – C+ C H E – C (PLAIN) MATH A/PHY/GEO – C (PLAIN)
15G,Bachelor of Science (Agriculture & Biotechnology),BIO - C PLAIN/AGR – C+ C H E – C (PLAIN) MATH A/PHY/GEO – C (PLAIN)
15G,Bachelor of Science in Natural Resources Management,BIO - C PLAIN/AGR – C+ C H E – C (PLAIN) MATH A/PHY/GEO – C (PLAIN)
15G,Bachelor of Science (Agriculture and Biotechnology),BIO - C PLAIN/AGR – C+ C H E – C (PLAIN) MATH A/PHY/GEO – C (PLAIN)
15G,Bachelor of Science (Nutraceutical Science and Technology),BIO - C PLAIN/AGR – C+ C H E – C (PLAIN) MATH A/PHY/GEO – C (PLAIN)
15G,Bachelor of Science (Agroforestry & Rural Development),BIO - C PLAIN/AGR – C+ C H E – C (PLAIN) MATH A/PHY/GEO – C (PLAIN)
15G,Bachelor of Science in Nutraceutical Science and Technology,BIO - C PLAIN/AGR – C+ C H E – C (PLAIN) MATH A/PHY/GEO – C (PLAIN)
15G,"Bachelor of Science (Aquatic Resources Conservation and Development, With IT),",BIO - C PLAIN/AGR – C+ C H E – C (PLAIN) MATH A/PHY/GEO – C (PLAIN)
15G,Bachelor of Science (Utilization & Sustainability of Arid Lands (Usal),BIO - C PLAIN/AGR – C+ C H E – C (PLAIN) MATH A/PHY/GEO – C (PLAIN)
15G,Bachelor of Science (Climate Change and,BIO - C PLAIN/AGR – C+ C H E – C (PLAIN) MATH A/PHY/GEO – C (PLAIN)
15G,Bachelor of Science (Wildlife Enterprises & Management),BIO - C PLAIN/AGR – C+ C H E – C (PLAIN) MATH A/PHY/GEO – C (PLAIN)
15G,Bachelor of Science (Crop Improvement &,BIO - C PLAIN/AGR – C+ C H E – C (PLAIN) MATH A/PHY/GEO – C (PLAIN)
15G,Bachelor of Science in Wildlife Enterprise & Management,BIO - C PLAIN/AGR – C+ C H E – C (PLAIN) MATH A/PHY/GEO – C (PLAIN)
15G,"Bachelor of Science (Dryland, Agriculture & Enterprise Development)",BIO - C PLAIN/AGR – C+ C H E – C (PLAIN) MATH A/PHY/GEO – C (PLAIN)
15G,Bachelor of Science in Natural Resource Management,BIO - C PLAIN/AGR – C+ C H E – C (PLAIN) MATH A/PHY/GEO – C (PLAIN)
15G,Bachelor of Science (Dryland Animal Science),BIO - C PLAIN/AGR – C+ C H E – C (PLAIN) MATH A/PHY/GEO – C (PLAIN)
15G,Bachelor of Science in Soil Environment & Land Use Management),BIO - C PLAIN/AGR – C+ C H E – C (PLAIN) MATH A/PHY/GEO – C (PLAIN)
15G,Bachelor of Science (Seed Science & Technology,BIO - C PLAIN/AGR – C+ C H E – C (PLAIN) MATH A/PHY/GEO – C (PLAIN)
15G,Bachelor of Science (Environmental Horticulture & Landscaping Technology),BIO - C PLAIN/AGR – C+ C H E – C (PLAIN) MATH A/PHY/GEO – C (PLAIN)
15G,Bachelor of Science (Waste Management),BIO - C PLAIN/AGR – C+ C H E – C (PLAIN) MATH A/PHY/GEO – C (PLAIN)
15G,Bachelor of Science (Forestry),BIO - C PLAIN/AGR – C+ C H E – C (PLAIN) MATH A/PHY/GEO – C (PLAIN)
15G,Bachelor of Science (Water Resource,BIO - C PLAIN/AGR – C+ C H E – C (PLAIN) MATH A/PHY/GEO – C (PLAIN)
15G,Bachelor of Science (Horticulture),BIO - C PLAIN/AGR – C+ C H E – C (PLAIN) MATH A/PHY/GEO – C (PLAIN)
15G,Bachelor of Science in Ethno botany,BIO - C PLAIN/AGR – C+ C H E – C (PLAIN) MATH A/PHY/GEO – C (PLAIN)
15G,Bachelor of Science in Horticulture,BIO - C PLAIN/AGR – C+ C H E – C (PLAIN) MATH A/PHY/GEO – C (PLAIN)
15G,Bachelor of Science (Agriculture & Human,BIO - C PLAIN/AGR – C+ C H E – C (PLAIN) MATH A/PHY/GEO – C (PLAIN)
15G,Bachelor of Science in Horticultural Science & Management,BIO - C PLAIN/AGR – C+ C H E – C (PLAIN) MATH A/PHY/GEO – C (PLAIN)
15G,Bachelor of Science (Agriculture and Enterprise,BIO - C PLAIN/AGR – C+ C H E – C (PLAIN) MATH A/PHY/GEO – C (PLAIN)
15G,Bachelor of Science Horticulture,BIO - C PLAIN/AGR – C+ C H E – C (PLAIN) MATH A/PHY/GEO – C (PLAIN)
15G,Bachelor of Science (Dairy Technology &,BIO - C PLAIN/AGR – C+ C H E – C (PLAIN) MATH A/PHY/GEO – C (PLAIN)
15G,Bachelor of Science (Horticultural Science & Management),BIO - C PLAIN/AGR – C+ C H E – C (PLAIN) MATH A/PHY/GEO – C (PLAIN)
15G,Bachelor of Science (Leather Technology),BIO - C PLAIN/AGR – C+ C H E – C (PLAIN) MATH A/PHY/GEO – C (PLAIN)
15G,"Bachelor of Science (Horticulture, With IT)",BIO - C PLAIN/AGR – C+ C H E – C (PLAIN) MATH A/PHY/GEO – C (PLAIN)
15G,Bachelor of Science (Soil Science),BIO - C PLAIN/AGR – C+ C H E – C (PLAIN) MATH A/PHY/GEO – C (PLAIN)
15G,Bachelor of Science (Range Management),BIO - C PLAIN/AGR – C+ C H E – C (PLAIN) MATH A/PHY/GEO – C (PLAIN)
15G,Bachelor of Science (Soils & Land Use,BIO - C PLAIN/AGR – C+ C H E – C (PLAIN) MATH A/PHY/GEO – C (PLAIN)
15G,Bachelor of Science (Bio-resources Management and Conservation),BIO - C PLAIN/AGR – C+ C H E – C (PLAIN) MATH A/PHY/GEO – C (PLAIN)
15G,Bachelor of Science (Water and Environment,BIO - C PLAIN/AGR – C+ C H E – C (PLAIN) MATH A/PHY/GEO – C (PLAIN)
15G,Bachelor of Science (Integrated Forest Resources Management),BIO - C PLAIN/AGR – C+ C H E – C (PLAIN) MATH A/PHY/GEO – C (PLAIN)
15G,Bachelor of Science (Wood Science and Industrial,BIO - C PLAIN/AGR – C+ C H E – C (PLAIN) MATH A/PHY/GEO – C (PLAIN)
15G,Bachelor of Science (Natural Products),BIO - C PLAIN/AGR – C+ C H E – C (PLAIN) MATH A/PHY/GEO – C (PLAIN)
15G,Bachelor of Science (Wood Science and Industrial,BIO - C PLAIN/AGR – C+ C H E – C (PLAIN) MATH A/PHY/GEO – C (PLAIN)
15G,Bachelor of Science (Natural Resources Management),BIO - C PLAIN/AGR – C+ C H E – C (PLAIN) MATH A/PHY/GEO – C (PLAIN)
15G,Bachelor of Science (Leather Technology),BIO - C PLAIN/AGR – C+ C H E – C (PLAIN) MATH A/PHY/GEO – C (PLAIN)
15G,"Bachelor of Science (Soil Science, With IT)",BIO - C PLAIN/AGR – C+ C H E – C (PLAIN) MATH A/PHY/GEO – C (PLAIN)
15G,Bachelor of Science (Soil Science),BIO - C PLAIN/AGR – C+ C H E – C (PLAIN) MATH A/PHY/GEO – C (PLAIN)
15G,Bachelor of Science (Wildlife Management),BIO - C PLAIN/AGR – C+ C H E – C (PLAIN) MATH A/PHY/GEO – C (PLAIN)
15G,Bachelor of Science (Soils & Land Use,BIO - C PLAIN/AGR – C+ C H E – C (PLAIN) MATH A/PHY/GEO – C (PLAIN)
15G,Bachelor of Science (Wildlife Management),BIO - C PLAIN/AGR – C+ C H E – C (PLAIN) MATH A/PHY/GEO – C (PLAIN)
15G,Bachelor of Science (Water and Environment Management),BIO - C PLAIN/AGR – C+ C H E – C (PLAIN) MATH A/PHY/GEO – C (PLAIN)
15G,Bachelor of Science (Agricultural Biotechnology),BIO - C PLAIN/AGR – C+ C H E – C (PLAIN) MATH A/PHY/GEO – C (PLAIN)
15G,Bachelor of Science (Wood Science and Industrial Processes),BIO - C PLAIN/AGR – C+ C H E – C (PLAIN) MATH A/PHY/GEO – C (PLAIN)
15G,Bachelor of Science in Agriculture,BIO - C PLAIN/AGR – C+ C H E – C (PLAIN) MATH A/PHY/GEO – C (PLAIN)
15G,Bachelor of Science (Wood Science and Industrial Processes),BIO - C PLAIN/AGR – C+ C H E – C (PLAIN) MATH A/PHY/GEO – C (PLAIN)
15G,Bachelor of Science (Agriculture),BIO - C PLAIN/AGR – C+ C H E – C (PLAIN) MATH A/PHY/GEO – C (PLAIN)
15G,Bachelor of Science in Water and Environment Management,BIO - C PLAIN/AGR – C+ C H E – C (PLAIN) MATH A/PHY/GEO – C (PLAIN)
15G,Bachelor of Science (Dryland Agriculture),BIO - C PLAIN/AGR – C+ C H E – C (PLAIN) MATH A/PHY/GEO – C (PLAIN)
15G,Bachelor of Science (Land Resource Management),BIO - C PLAIN/AGR – C+ C H E – C (PLAIN) MATH A/PHY/GEO – C (PLAIN)
15G,Bachelor of Science (Environmental Conservation and Natural Resources Management),BIO - C PLAIN/AGR – C+ C H E – C (PLAIN) MATH A/PHY/GEO – C (PLAIN)
15G,Bachelor of Science (Land Resource Planning & Management),BIO - C PLAIN/AGR – C+ C H E – C (PLAIN) MATH A/PHY/GEO – C (PLAIN)
15G,"Bachelor of Science (Agronomy, With IT)",BIO - C PLAIN/AGR – C+ C H E – C (PLAIN) MATH A/PHY/GEO – C (PLAIN)
15G,Bachelor of Science in Land Resource Planning & Management,BIO - C PLAIN/AGR – C+ C H E – C (PLAIN) MATH A/PHY/GEO – C (PLAIN)
16A,Bachelor of Arts (Geography),GEO - C+
16A,Bachelor of Science (Geography),GEO - C+
16A,Bachelor of Arts (Geography and Economics),GEO - C+
16A,Bachelor of Arts (Kiswahili and Geography),GEO - C+
16A,"Bachelor of Science (Geography and Natural Resource Management, With IT)",GEO - C+
17A,Bachelor of Arts (French),FRE /GER - C+ GROUP III 2nd GROUP V
17A,"Bachelor of Arts (French, With IT)",FRE /GER - C+ GROUP III 2nd GROUP V
17A,Bachelor of Arts (German),FRE /GER - C+ GROUP III 2nd GROUP V
18A,Bachelor of Arts (Music),MUS - C+
18A,"Bachelor of Arts (Music, With IT)",MUS - C+
18A,Bachelor of Music,MUS - C+
18A,Bachelor of Music (Technology),MUS - C+
19A,Bachelor of Education (Science),MAT ALTERNATIVE A/PHY/CHE/BIO - C+ MAT ALTERNATIVE A/PHY/CHE/BIO - C+
19A,Bachelor of Science with Education,MAT ALTERNATIVE A/PHY/CHE/BIO - C+ MAT ALTERNATIVE A/PHY/CHE/BIO - C+
19A,"Bachelor of Education (Science,With IT)",MAT ALTERNATIVE A/PHY/CHE/BIO - C+ MAT ALTERNATIVE A/PHY/CHE/BIO - C+
19A,Bachelor of Education (Science with IT),MAT ALTERNATIVE A/PHY/CHE/BIO - C+ MAT ALTERNATIVE A/PHY/CHE/BIO - C+
19B,Bachelor of Education (Arts),ENG/KIS/MAT ALTERNATIVE ENG/KIS/MAT ALTERNATIVE
19B,Bachelor of Education (Early Childhood,ENG/KIS/MAT ALTERNATIVE ENG/KIS/MAT ALTERNATIVE
19B,Bachelor of Education (Arts) Fine Art,ENG/KIS/MAT ALTERNATIVE ENG/KIS/MAT ALTERNATIVE
19B,Bachelor of Education (Early Childhood,ENG/KIS/MAT ALTERNATIVE ENG/KIS/MAT ALTERNATIVE
19B,Bachelor of Education (Early Childhood,ENG/KIS/MAT ALTERNATIVE ENG/KIS/MAT ALTERNATIVE
19B,Bachelor of Education (Arts) With Guidance and Counselling,ENG/KIS/MAT ALTERNATIVE ENG/KIS/MAT ALTERNATIVE
19B,Bachelor of Education (Early Childhood,ENG/KIS/MAT ALTERNATIVE ENG/KIS/MAT ALTERNATIVE
19B,"Bachelor of Education (Arts, With IT)",ENG/KIS/MAT ALTERNATIVE ENG/KIS/MAT ALTERNATIVE
19B,Bachelor of Education (Early Childhood),ENG/KIS/MAT ALTERNATIVE ENG/KIS/MAT ALTERNATIVE
19B,Bachelor of Education (Guidance and Counselling),ENG/KIS/MAT ALTERNATIVE ENG/KIS/MAT ALTERNATIVE
19B,Bachelor of Education in Early Childhood,ENG/KIS/MAT ALTERNATIVE ENG/KIS/MAT ALTERNATIVE
19B,Bachelor of Education (Home Science and Technology),ENG/KIS/MAT ALTERNATIVE ENG/KIS/MAT ALTERNATIVE
19B,Bachelor of Education (Early Childhood,ENG/KIS/MAT ALTERNATIVE ENG/KIS/MAT ALTERNATIVE
19B,Bachelor of Education (Library Science) Education,ENG/KIS/MAT ALTERNATIVE ENG/KIS/MAT ALTERNATIVE
19B,Bachelor of Education Arts (Home Economics),ENG/KIS/MAT ALTERNATIVE ENG/KIS/MAT ALTERNATIVE
19B,Bachelor of Education (Early Childhood,ENG/KIS/MAT ALTERNATIVE ENG/KIS/MAT ALTERNATIVE
19B,Bachelor of Education Arts,ENG/KIS/MAT ALTERNATIVE ENG/KIS/MAT ALTERNATIVE
19B,Bachelor of Education (Early Childhood and,ENG/KIS/MAT ALTERNATIVE ENG/KIS/MAT ALTERNATIVE
19B,Bachelor of Arts (With Education),ENG/KIS/MAT ALTERNATIVE ENG/KIS/MAT ALTERNATIVE
19C,Bachelor of Education Arts(Business Studies),MAT ALTERNATIVE A/B / BST- C+ ENG/KIS/MAT ALTERNATIVE
19D,Bachelor of Education (Physical Education and Sports),BIO/GSC - C+ ENG/KIS/MATHEMATICS ALTERNATIVE
19D,Bachelor of Education (Physical Education),BIO/GSC - C+ ENG/KIS/MATHEMATICS ALTERNATIVE
19E,Bachelor of Education (Special Needs Education - Secondary Option),BIO/GSC - C+ MAT ALTERNATIVE A/B
19E,Bachelor of Education (Special Needs Education),BIO/GSC - C+ MAT ALTERNATIVE A/B
19E,Bachelor of Education (Visual and Performing Arts),BIO/GSC - C+ MAT ALTERNATIVE A/B
19F,Bachelor of Education (French),FRENCH - C+ ENG/KIS/MAT ALTERNATIVE
19F,"Bachelor of Education (French, With IT)",FRENCH - C+ ENG/KIS/MAT ALTERNATIVE
19G,Bachelor of Education (Music),MUSIC - C+ ENG/KIS/MAT ALTERNATIVE
19G,"Bachelor of Education (Music, With IT)",MUSIC - C+ ENG/KIS/MAT ALTERNATIVE
19H,Bachelor of Education (German),GERMAN - C+ ENG/KIS/MAT ALTERNATIVE
19H,Bachelor of Education (Arts) German,GERMAN - C+ ENG/KIS/MAT ALTERNATIVE
19H,Bachelor of Agricultural Education & Extension,GERMAN - C+ ENG/KIS/MAT ALTERNATIVE
19H,Bachelor of Science (Agricultural Education & Extension),GERMAN - C+ ENG/KIS/MAT ALTERNATIVE
19H,Bachelor of Agricultural Education and Extension,GERMAN - C+ ENG/KIS/MAT ALTERNATIVE
19H,Bachelor of Science (Agricultural Extension and Education),GERMAN - C+ ENG/KIS/MAT ALTERNATIVE
19H,Bachelor of Science in Agricultural Extension,GERMAN - C+ ENG/KIS/MAT ALTERNATIVE
19H,Bachelor of Science (Agriculture Education & Extension),GERMAN - C+ ENG/KIS/MAT ALTERNATIVE
19H,Bachelor of Science (Agriculture Education and Extension),GERMAN - C+ ENG/KIS/MAT ALTERNATIVE
19H,"Bachelor of Science (Agriculture Education and Extension, With IT)",GERMAN - C+ ENG/KIS/MAT ALTERNATIVE
19H,Bachelor of Science Agricultural Extension and Education,GERMAN - C+ ENG/KIS/MAT ALTERNATIVE
19H,Bachelor of Education (Agricultural Education),GERMAN - C+ ENG/KIS/MAT ALTERNATIVE
19H,Bachelor of Science (Agricultural Extension Education),GERMAN - C+ ENG/KIS/MAT ALTERNATIVE
19H,Bachelor of Science in Agricultural Education & Extension,GERMAN - C+ ENG/KIS/MAT ALTERNATIVE
19H,Bachelor of Science (Agricultural Education and Extension),GERMAN - C+ ENG/KIS/MAT ALTERNATIVE
19J,Bachelor of Education (Computer Studies),With COMP
19J,Bachelor of Education (ICT),With COMP
19K,Bachelor of Education (Agriculture),BIO - C+ AGR - C+/ BIO - C+
20A,"Bachelor of Arts (Religion, With IT)",CRE/IRE/HRE - C+ ENG/KIS – C (PLAIN)
20A,Bachelor of Arts in Sociology and Religious Studies,CRE/IRE/HRE - C+ ENG/KIS – C (PLAIN)
20A,Bachelor of Arts (Religious Studies),CRE/IRE/HRE - C+ ENG/KIS – C (PLAIN)
20A,"Bachelor of Arts (Theology, With IT)",CRE/IRE/HRE - C+ ENG/KIS – C (PLAIN)
20A,Bachelor of Arts (Sociology & Religion),CRE/IRE/HRE - C+ ENG/KIS – C (PLAIN)
20A,Bachelor of Theology,CRE/IRE/HRE - C+ ENG/KIS – C (PLAIN)
20A,Bachelor of Arts in Intercultural Studies,CRE/IRE/HRE - C+ ENG/KIS – C (PLAIN)
20A,Bachelor of Arts in Biblical Studies,CRE/IRE/HRE - C+ ENG/KIS – C (PLAIN)
20A,Bachelor of Arts in Islamic Studies,CRE/IRE/HRE - C+ ENG/KIS – C (PLAIN)
20A,Bachelor of Arts in Church Education Ministries,CRE/IRE/HRE - C+ ENG/KIS – C (PLAIN)
20A,Bachelor of Arts in Islamic Sharia,CRE/IRE/HRE - C+ ENG/KIS – C (PLAIN)
20A,Bachelor of Arts in Christian Ministries,CRE/IRE/HRE - C+ ENG/KIS – C (PLAIN)
